{
    "providers": [
        {
            "type": "bitmap",
            "file": "minecraft:sb/korunka.png",
            "ascent": 11,
            "height": 11,
            "chars": ["\uE001"]
        },
        {
            "type": "bitmap",
            "file": "minecraft:sb/korunka-tab.png",
            "ascent": 33,
            "height": 33,
            "chars": ["\uE002"]
        },
        {
            "type": "bitmap",
            "file": "minecraft:sb/korunka-glow.png",
            "ascent": 44,
            "height": 44,
            "chars": ["\uE003"]
        },
        {
            "type": "bitmap",
            "file": "minecraft:sb/discord.png",
            "ascent": 11,
            "height": 11,
            "chars": ["\uE004"]
        },
        {
            "type": "bitmap",
            "file": "minecraft:sb/zabiti.png",
            "ascent": 11,
            "height": 11,
            "chars": ["\uE005"]
        },
        {
            "type": "bitmap",
            "file": "minecraft:sb/smrti.png",
            "ascent": 11,
            "height": 11,
            "chars": ["\uE006"]
        },



        {
            "type": "bitmap",
            "file": "minecraft:ranks/vip.png",
            "ascent": 7,
            "height": 7,
            "chars": ["\uE007"]
        },
        {
            "type": "bitmap",
            "file": "minecraft:ranks/admin.png",
            "ascent": 7,
            "height": 7,
            "chars": ["\uE008"]
        },
        {
            "type": "bitmap",
            "file": "minecraft:ranks/korunka-rank.png",
            "ascent": 7,
            "height": 7,
            "chars": ["\uE009"]
        },
        {
            "type": "bitmap",
            "file": "minecraft:ranks/management.png",
            "ascent": 7,
            "height": 7,
            "chars": ["\uE010"]
        },
        {
            "type": "bitmap",
            "file": "minecraft:ranks/mod.png",
            "ascent": 7,
            "height": 7,
            "chars": ["\uE011"]
        }
    ]
}